Number Of Executions, Total Milliseconds,  Milliseconds per execution, Type
     1,      0,     0.00, "Query.fromType(org.jboss.windup.rules.apps.javaee.model.DataSourceModel).gremlin().has(isXA,EQUALS,false).as(default)"
     1,      1,     1.00, "Query.fromType(org.jboss.windup.rules.apps.java.model.JarArchiveModel).gremlin().has(fileName,REGEX,.*hibernate.*\.jar$).as(default)"
     1,      0,     0.00, "Query.fromType(org.jboss.windup.reporting.model.TechnologyTagModel).gremlin().has(name,EQUALS,Hibernate OGM (embedded)).as(default)"
     1,      0,     0.00, "Query.fromType(org.jboss.windup.reporting.model.TechnologyTagModel).gremlin().has(name,EQUALS,Derby Driver).as(default)"
     1,      0,     0.00, "Query.fromType(org.jboss.windup.reporting.model.TechnologyTagModel).gremlin().has(name,EQUALS,Petals EIP (embedded)).as(default)"
     1,      0,     0.00, "Query.fromType(org.jboss.windup.reporting.model.TechnologyTagModel).gremlin().has(name,EQUALS,Apache Ignite (embedded)).as(default)"
     1,    104,   104.00, sortDependencyGroupArchivesByPathAscending
     2,      0,     0.00, "Query.fromType(org.jboss.windup.rules.apps.javaee.model.DataSourceModel).gremlin().has(isXA,EQUALS,true).as(default)"
     1,      0,     0.00, "Query.fromType(org.jboss.windup.reporting.model.TechnologyTagModel).gremlin().has(name,EQUALS,Clustering Web Session).as(default)"
     1,      0,     0.00, "Query.fromType(org.jboss.windup.reporting.model.TechnologyTagModel).gremlin().has(name,EQUALS,RabbitMQ Client (embedded)).as(default)"
     1,      0,     0.00, "Query.fromType(org.jboss.windup.reporting.model.TechnologyTagModel).gremlin().has(name,EQUALS,GFC Logging (embedded)).as(default)"
     1,      0,     0.00, "Query.fromType(org.jboss.windup.reporting.model.TechnologyTagModel).gremlin().has(name,EQUALS,ShiftOne (embedded)).as(default)"
     1,      0,     0.00, "Query.fromType(org.jboss.windup.reporting.model.TechnologyTagModel).gremlin().has(name,EQUALS,Jamon (embedded)).as(default)"
     1,      0,     0.00, "Query.fromType(org.jboss.windup.reporting.model.TechnologyTagModel).gremlin().has(name,EQUALS,HavaRunner (embedded)).as(default)"
     1,      0,     0.00, "Query.fromType(org.jboss.windup.reporting.model.TechnologyTagModel).gremlin().has(name,EQUALS,WSS4J (embedded)).as(default)"
     1,      0,     0.00, "Query.fromType(org.jboss.windup.rules.apps.java.model.WindupJavaConfigurationModel).gremlin().has(classNotFoundAnalysisEnabled,EQUALS,true).as(default)"
     1,      0,     0.00, "Query.fromType(org.jboss.windup.reporting.model.TechnologyTagModel).gremlin().has(name,EQUALS,Google Guice (embedded)).as(default)"
     1,      0,     0.00, "Query.fromType(org.jboss.windup.reporting.model.TechnologyTagModel).gremlin().has(name,EQUALS,JSON-B).as(default)"
     1,      0,     0.00, "Query.fromType(org.jboss.windup.reporting.model.TechnologyTagModel).gremlin().has(name,EQUALS,Istio (embedded)).as(default)"
     1,      0,     0.00, "Query.fromType(org.jboss.windup.reporting.model.TechnologyTagModel).gremlin().has(name,EQUALS,Zbus Client (embedded)).as(default)"
     2,     62,    31.00, sortTechUsageStats
     1,      0,     0.00, "Query.fromType(org.jboss.windup.reporting.model.TechnologyTagModel).gremlin().has(name,EQUALS,MinLog (embedded)).as(default)"
     1,      0,     0.00, "Query.fromType(org.jboss.windup.reporting.model.TechnologyTagModel).gremlin().has(name,EQUALS,H2 Driver).as(default)"
     1,    839,   839.00, "FreeMarkerIterationOperation.render(/reports/templates/source.ftl, MANIFEST_MF.10.html)"
     1,   1073,  1073.00, "FreeMarkerIterationOperation.render(/reports/templates/source.ftl, weblogic_ejb_jar_xml.html)"
     1,      5,     5.00, Query.fromType(org.jboss.windup.graph.model.ArchiveModel).gremlin()org.jboss.windup.config.query.Query$1@295790db.as(default)
     1,      0,     0.00, "Query.fromType(org.jboss.windup.reporting.model.TechnologyTagModel).gremlin().has(name,EQUALS,OWASP CSRF Guard (embedded)).as(default)"
     1,    844,   844.00, "FreeMarkerIterationOperation.render(/reports/templates/source.ftl, ProductCatalogLocalHome_java.html)"
     1,   1140,  1140.00, "FreeMarkerIterationOperation.render(/reports/templates/migration-issues.ftl, migration_issues.html)"
     1,    688,   688.00, "FreeMarkerIterationOperation.render(/reports/templates/about_windup.ftl, about_global.html)"
     1,    814,   814.00, "FreeMarkerIterationOperation.render(/reports/templates/source.ftl, pom_properties.9.html)"
     1,      0,     0.00, Query.fromType(org.jboss.windup.rules.apps.javaee.model.JaxRSWebServiceModel).as(default)
    33,     17,     0.52, abstractGetPrettyPathForFile
     1,      0,     0.00, "Query.fromType(org.jboss.windup.reporting.model.TechnologyTagModel).gremlin().has(name,EQUALS,XMLUnit (embedded)).as(default)"
     1,      0,     0.00, "Query.fromType(org.jboss.windup.reporting.model.TechnologyTagModel).gremlin().has(name,EQUALS,Rythm Template Engine (embedded)).as(default)"
     1,      0,     0.00, "Query.fromType(org.jboss.windup.reporting.model.TechnologyTagModel).gremlin().has(name,EQUALS,iLog (embedded)).as(default)"
     1,      0,     0.00, "Query.fromType(org.jboss.windup.reporting.model.TechnologyTagModel).gremlin().has(name,EQUALS,Monolog (embedded)).as(default)"
     1,      1,     1.00, Query.fromType(org.jboss.windup.graph.model.DuplicateArchiveModel).as(default)
     1,      0,     0.00, "Query.fromType(org.jboss.windup.reporting.model.TechnologyTagModel).gremlin().has(name,EQUALS,Spring Integration (embedded)).as(default)"
     1,      0,     0.00, "Query.fromType(org.jboss.windup.reporting.model.TechnologyTagModel).gremlin().has(name,EQUALS,Geronimo JTA (embedded)).as(default)"
    11,    447,    40.64, FernflowerDecompilationOperation.perform
     1,      0,     0.00, "Query.fromType(org.jboss.windup.reporting.model.TechnologyTagModel).gremlin().has(name,EQUALS,Keyczar (embedded)).as(default)"
     1,      0,     0.00, "Query.fromType(org.jboss.windup.reporting.model.TechnologyTagModel).gremlin().has(name,EQUALS,Java Transaction API (embedded)).as(default)"
     1,    844,   844.00, "FreeMarkerIterationOperation.render(/reports/templates/source.ftl, pom_xml.3.html)"
     1,      0,     0.00, "Query.fromType(org.jboss.windup.reporting.model.TechnologyTagModel).gremlin().has(name,EQUALS,Tornado Inject (embedded)).as(default)"
     1,      0,     0.00, "Query.fromType(org.jboss.windup.reporting.model.TechnologyTagModel).gremlin().has(name,EQUALS,XACML (embedded)).as(default)"
     1,      0,     0.00, "Query.fromType(org.jboss.windup.reporting.model.TechnologyTagModel).gremlin().has(name,EQUALS,Handlebars (embedded)).as(default)"
     1,      0,     0.00, "Query.fromType(org.jboss.windup.rules.apps.javaee.model.EjbSessionBeanModel).gremlin().has(sessionType,EQUALS,Stateful).as(default)"
     1,      0,     0.00, "Query.fromType(org.jboss.windup.reporting.model.TechnologyTagModel).gremlin().has(name,EQUALS,Cactus (embedded)).as(default)"
    50,    369,     7.38, ClassFilePreDecompilationScan.perform()
     1,      0,     0.00, "Query.fromType(org.jboss.windup.reporting.model.TechnologyTagModel).gremlin().has(name,EQUALS,KumuluzEE JTA (embedded)).as(default)"
     2,      0,     0.00, Query.fromType(org.jboss.windup.rules.apps.javaee.model.JspSourceFileModel).as(default)
   120,      0,     0.00, GraphService.findAllByProperty(qualifiedName)
     1,      0,     0.00, Query.fromType(org.jboss.windup.rules.apps.javaee.model.JsfSourceFileModel).as(default)
     1,      0,     0.00, "Query.fromType(org.jboss.windup.reporting.model.TechnologyTagModel).gremlin().has(name,EQUALS,PicoContainer (embedded)).as(default)"
     1,      0,     0.00, "Query.fromType(org.jboss.windup.reporting.model.TechnologyTagModel).gremlin().has(name,EQUALS,Mycontainer JTA (embedded)).as(default)"
     1,      0,     0.00, "Query.fromType(org.jboss.windup.reporting.model.TechnologyTagModel).gremlin().has(name,EQUALS,SwitchYard (embedded)).as(default)"
     1,      1,     1.00, "Query.fromType(org.jboss.windup.rules.apps.java.model.JarArchiveModel).gremlin().has(fileName,REGEX,.*jdbc.*\.jar$).as(default)"
     1,      0,     0.00, "Query.fromType(org.jboss.windup.reporting.model.TechnologyTagModel).gremlin().has(name,EQUALS,LevelDB Client).as(default)"
     1,      0,     0.00, "Query.fromType(org.jboss.windup.reporting.model.TechnologyTagModel).gremlin().has(name,EQUALS,RichFaces (embedded)).as(default)"
     1,     79,    79.00, getArchiveSHA1ToPathMapper
     1,    689,   689.00, "FreeMarkerIterationOperation.render(/reports/templates/remote.ftl, remotereport_JEE_Example_App.html)"
   252,      1,     0.00, GraphService.findAllByProperty(filePath)
     1,      0,     0.00, "Query.fromType(org.jboss.windup.reporting.model.TechnologyTagModel).gremlin().has(name,EQUALS,Neo4j (embedded)).as(default)"
     1,      0,     0.00, "Query.fromType(org.jboss.windup.reporting.model.TechnologyTagModel).gremlin().has(name,EQUALS,Apache Santuario (embedded)).as(default)"
     1,      0,     0.00, "Query.fromType(org.jboss.windup.reporting.model.TechnologyTagModel).gremlin().has(name,EQUALS,Apache Sirona JTA (embedded)).as(default)"
     1,      0,     0.00, "Query.fromType(org.jboss.windup.reporting.model.TechnologyTagModel).gremlin().has(name,EQUALS,Spring Security (embedded)).as(default)"
     1,      0,     0.00, "Query.fromType(org.jboss.windup.reporting.model.TechnologyTagModel).gremlin().has(name,EQUALS,JBehave (embedded)).as(default)"
     1,      0,     0.00, "Query.fromType(org.jboss.windup.reporting.model.TechnologyTagModel).gremlin().has(name,EQUALS,Logstash (embedded)).as(default)"
     1,      0,     0.00, "Query.fromType(org.jboss.windup.reporting.model.TechnologyTagModel).gremlin().has(name,EQUALS,Spock (embedded)).as(default)"
     1,      0,     0.00, "Query.fromType(org.jboss.windup.rules.apps.java.model.JarArchiveModel).gremlin().has(fileName,REGEX,.*teiid.*\.jar$).as(default)"
     1,      0,     0.00, "Query.fromType(org.jboss.windup.reporting.model.TechnologyTagModel).gremlin().has(name,EQUALS,0MQ Client (embedded)).as(default)"
     1,      0,     0.00, "Query.fromType(org.jboss.windup.reporting.model.TechnologyTagModel).gremlin().has(name,EQUALS,Elasticsearch (embedded)).as(default)"
     1,      0,     0.00, "Query.fromType(org.jboss.windup.reporting.model.TechnologyTagModel).gremlin().has(name,EQUALS,Servlet).as(default)"
     1,     19,    19.00, getTechnologyTagsForProjectTraversal
     1,      0,     0.00, "Query.fromType(org.jboss.windup.reporting.model.TechnologyTagModel).gremlin().has(name,EQUALS,Cloudera (embedded)).as(default)"
     1,      0,     0.00, "Query.fromType(org.jboss.windup.reporting.model.TechnologyTagModel).gremlin().has(name,EQUALS,Ehcache (embedded)).as(default)"
     1,      0,     0.00, "Query.fromType(org.jboss.windup.reporting.model.TechnologyTagModel).gremlin().has(name,EQUALS,Apache Meecrowave JTA (embedded)).as(default)"
     1,      0,     0.00, "Query.fromType(org.jboss.windup.reporting.model.TechnologyTagModel).gremlin().has(name,EQUALS,AspectJ (embedded)).as(default)"
     1,      0,     0.00, "Query.fromType(org.jboss.windup.reporting.model.TechnologyTagModel).gremlin().has(name,EQUALS,Guava Testing (embedded)).as(default)"
     1,      0,     0.00, "Query.fromType(org.jboss.windup.reporting.model.TechnologyTagModel).gremlin().has(name,EQUALS,Jersey (embedded)).as(default)"
     1,      0,     0.00, "Query.fromType(org.jboss.windup.reporting.model.TechnologyTagModel).gremlin().has(name,EQUALS,JBossMQ Client (embedded)).as(default)"
     1,      0,     0.00, "Query.fromType(org.jboss.windup.reporting.model.TechnologyTagModel).gremlin().has(name,EQUALS,MRules (embedded)).as(default)"
     1,      0,     0.00, "Query.fromType(org.jboss.windup.reporting.model.TechnologyTagModel).gremlin().has(name,EQUALS,Spring Data (embedded)).as(default)"
     1,      1,     1.00, Query.fromType(org.jboss.windup.rules.apps.xml.model.DoctypeMetaModel).gremlin()org.jboss.windup.rules.apps.javaee.rules.DiscoverHibernateConfigurationRuleProvider$1@24cd318b.as(default)
     1,      1,     1.00, Query.fromType(org.jboss.windup.rules.apps.java.model.project.MavenProjectModel).as(default)
     1,      0,     0.00, "Query.fromType(org.jboss.windup.reporting.model.TechnologyTagModel).gremlin().has(name,EQUALS,RocketMQ Client (embedded)).as(default)"
     1,      0,     0.00, Query.fromType(org.jboss.windup.rules.apps.javaee.model.EjbSessionBeanModel).as(default)
     1,      0,     0.00, Query.fromType(org.jboss.windup.rules.apps.java.model.JavaSourceFileModel).as(default)
     1,      0,     0.00, "Query.fromType(org.jboss.windup.rules.apps.javaee.model.EjbSessionBeanModel).gremlin().has(sessionType,EQUALS,Stateless).as(default)"
     1,      0,     0.00, "Query.fromType(org.jboss.windup.reporting.model.TechnologyTagModel).gremlin().has(name,EQUALS,Oracle DB Driver).as(default)"
     1,      0,     0.00, "Query.fromType(org.jboss.windup.reporting.model.TechnologyTagModel).gremlin().has(name,EQUALS,Velocity (embedded)).as(default)"
     1,    570,   570.00, "FreeMarkerIterationOperation.render(/reports/templates/jboss/jboss-ejb3.ftl, JEE_Example_App/JEE_Example_EJB_Services/jboss-ejb3.xml)"
     1,      0,     0.00, "Query.fromType(org.jboss.windup.reporting.model.TechnologyTagModel).gremlin().has(name,EQUALS,Narayana Arjuna (embedded)).as(default)"
     1,      0,     0.00, "Query.fromType(org.jboss.windup.reporting.model.TechnologyTagModel).gremlin().has(name,EQUALS,Apache Axis (embedded)).as(default)"
     1,      0,     0.00, "Query.fromType(org.jboss.windup.reporting.model.TechnologyTagModel).gremlin().has(name,EQUALS,Apache Wicket (embedded)).as(default)"
     1,      0,     0.00, "Query.fromType(org.jboss.windup.reporting.model.TechnologyTagModel).gremlin().has(name,EQUALS,REST Assured (embedded)).as(default)"
     1,      0,     0.00, "Query.fromType(org.jboss.windup.rules.apps.java.model.JarArchiveModel).gremlin().has(fileName,REGEX,jboss-seam.*\.jar$).as(default)"
     1,      0,     0.00, "Query.fromType(org.jboss.windup.reporting.model.TechnologyTagModel).gremlin().has(name,EQUALS,OmniFaces (embedded)).as(default)"
     1,      0,     0.00, "Query.fromType(org.jboss.windup.reporting.model.TechnologyTagModel).gremlin().has(name,EQUALS,Apache Geronimo (embedded)).as(default)"
     1,      0,     0.00, "Query.fromType(org.jboss.windup.reporting.model.TechnologyTagModel).gremlin().has(name,EQUALS,GlassFish JTA (embedded)).as(default)"
     1,      0,     0.00, "Query.fromType(org.jboss.windup.reporting.model.TechnologyTagModel).gremlin().has(name,EQUALS,Hibernate (embedded)).as(default)"
     1,      0,     0.00, "Query.fromType(org.jboss.windup.graph.model.WindupConfigurationModel).gremlin().has(csv,EQUALS,true).as(default)"
     1,      0,     0.00, "Query.fromType(org.jboss.windup.reporting.model.TechnologyTagModel).gremlin().has(name,EQUALS,PicketLink (embedded)).as(default)"
     1,      0,     0.00, "Query.fromType(org.jboss.windup.reporting.model.TechnologyTagModel).gremlin().has(name,EQUALS,Axion Driver).as(default)"
     1,      0,     0.00, Query.fromType(org.jboss.windup.rules.apps.javaee.model.JmsDestinationModel).as(default)
     1,    521,   521.00, "FreeMarkerIterationOperation.render(/reports/templates/jboss/jboss-web.ftl, JEE_Example_App/JEE_Example_Web_Application/jboss-web.xml)"
     1,      0,     0.00, "Query.fromType(org.jboss.windup.reporting.model.TechnologyTagModel).gremlin().has(name,EQUALS,EAR).as(default)"
     1,      0,     0.00, "Query.fromType(org.jboss.windup.reporting.model.TechnologyTagModel).gremlin().has(name,EQUALS,KLogger (embedded)).as(default)"
     1,      2,     2.00, Query.fromType(org.jboss.windup.graph.model.ArchiveModel).gremlin()org.jboss.windup.config.query.Query$1@53795bd6.as(default)
     2,      0,     0.00, "Query.fromType(org.jboss.windup.reporting.model.TechnologyTagModel).gremlin().has(name,EQUALS,Spark (embedded)).as(default)"
     1,      0,     0.00, "Query.fromType(org.jboss.windup.reporting.model.TechnologyTagModel).gremlin().has(name,EQUALS,SLF4J (embedded)).as(default)"
     1,    688,   688.00, "FreeMarkerIterationOperation.render(/reports/templates/ignored_files.ftl, ignoredfiles_JEE_Example_App.html)"
     1,      0,     0.00, "Query.fromType(org.jboss.windup.reporting.model.TechnologyTagModel).gremlin().has(name,EQUALS,HornetQ Client (embedded)).as(default)"
     1,      0,     0.00, "Query.fromType(org.jboss.windup.reporting.model.TechnologyTagModel).gremlin().has(name,EQUALS,Lumberjack (embedded)).as(default)"
     1,    818,   818.00, "FreeMarkerIterationOperation.render(/reports/templates/source.ftl, web_xml.html)"
     1,      0,     0.00, "Query.fromType(org.jboss.windup.reporting.model.TechnologyTagModel).gremlin().has(name,EQUALS,OpenWS (embedded)).as(default)"
     1,      0,     0.00, "Query.fromType(org.jboss.windup.reporting.model.TechnologyTagModel).gremlin().has(name,EQUALS,Apache HBase Client).as(default)"
     1,    839,   839.00, "FreeMarkerIterationOperation.render(/reports/templates/source.ftl, ProductCatalog_java.html)"
     6,      2,     0.33, "TypeReferenceService.getPackageUseFrequencies(projectModel,nameDepth,recursive)"
     1,      1,     1.00, "Query.fromType(org.jboss.windup.rules.apps.xml.model.XmlFileModel).gremlin().has(fileName,EQUALS,ibm-ejb-jar-ext.xmi).has(rootTagName,EQUALS,EJBJarExtension).as(default)"
     1,      0,     0.00, "Query.fromType(org.jboss.windup.reporting.model.TechnologyTagModel).gremlin().has(name,EQUALS,JSecurity (embedded)).as(default)"
     1,      0,     0.00, "Query.fromType(org.jboss.windup.reporting.model.TechnologyTagModel).gremlin().has(name,EQUALS,Play (embedded)).as(default)"
     1,      0,     0.00, "Query.fromType(org.jboss.windup.reporting.model.TechnologyTagModel).gremlin().has(name,EQUALS,PrimeFaces (embedded)).as(default)"
     1,      0,     0.00, "Query.fromType(org.jboss.windup.reporting.model.TechnologyTagModel).gremlin().has(name,EQUALS,Kodein (embedded)).as(default)"
     1,      0,     0.00, Query.fromType(org.jboss.windup.rules.apps.java.archives.model.IdentifiedArchiveModel).as(default)
     1,      0,     0.00, "Query.fromType(org.jboss.windup.reporting.model.TechnologyTagModel).gremlin().has(name,EQUALS,MongoDB Client).as(default)"
     1,      0,     0.00, "Query.fromType(org.jboss.windup.reporting.model.TechnologyTagModel).gremlin().has(name,EQUALS,Apache CXF (embedded)).as(default)"
     1,      0,     0.00, "Query.fromType(org.jboss.windup.reporting.model.TechnologyTagModel).gremlin().has(name,EQUALS,Spring Transactions (embedded)).as(default)"
     5,      7,     1.40, sortDependencyArchivesByPathAscending
     1,      0,     0.00, "Query.fromType(org.jboss.windup.reporting.model.TechnologyTagModel).gremlin().has(name,EQUALS,JAXR).as(default)"
     1,      1,     1.00, "Query.fromType(org.jboss.windup.rules.apps.java.model.JarArchiveModel).gremlin().has(fileName,REGEX,.*jsf-[(api)|(impl)].*\.jar$).as(default)"
     1,      0,     0.00, "Query.fromType(org.jboss.windup.reporting.model.TechnologyTagModel).gremlin().has(name,EQUALS,Arquillian (embedded)).as(default)"
     1,    667,   667.00, "FreeMarkerIterationOperation.render(/reports/templates/embedded.ftl, tattletale_JEE_Example_App.html)"
     1,      2,     2.00, Query.fromType(org.jboss.windup.rules.apps.xml.model.XmlFileModel).as(default)
     1,    852,   852.00, "FreeMarkerIterationOperation.render(/reports/templates/source.ftl, ejb_jar_xml.html)"
     1,      0,     0.00, "Query.fromType(org.jboss.windup.reporting.model.TechnologyTagModel).gremlin().has(name,EQUALS,CDI).as(default)"
     1,      0,     0.00, "Query.fromType(org.jboss.windup.reporting.model.TechnologyTagModel).gremlin().has(name,EQUALS,Dagger (embedded)).as(default)"
     1,      0,     0.00, "Query.fromType(org.jboss.windup.reporting.model.TechnologyTagModel).gremlin().has(name,EQUALS,AMQP Client (embedded)).as(default)"
     1,      0,     0.00, "Query.fromType(org.jboss.windup.reporting.model.TechnologyTagModel).gremlin().has(name,EQUALS,EasyMock (embedded)).as(default)"
     1,      0,     0.00, "Query.fromType(org.jboss.windup.reporting.model.TechnologyTagModel).gremlin().has(name,EQUALS,Swagger (embedded)).as(default)"
     1,      1,     1.00, "Query.fromType(org.jboss.windup.rules.apps.xml.model.NamespaceMetaModel).gremlin().has(namespaceURI,EQUALS,http://java.sun.com/xml/ns/persistence).as(default)"
     1,      0,     0.00, Query.fromType(org.jboss.windup.rules.apps.javaee.model.CssFileModel).as(default)
     1,      0,     0.00, "Query.fromType(org.jboss.windup.reporting.model.TechnologyTagModel).gremlin().has(name,EQUALS,Tomcat (embedded)).as(default)"
     1,      0,     0.00, "Query.fromType(org.jboss.windup.reporting.model.TechnologyTagModel).gremlin().has(name,EQUALS,Demoiselle JTA (embedded)).as(default)"
     1,      0,     0.00, "Query.fromType(org.jboss.windup.reporting.model.TechnologyTagModel).gremlin().has(name,EQUALS,PicketBox (embedded)).as(default)"
     1,      0,     0.00, "Query.fromType(org.jboss.windup.reporting.model.TechnologyTagModel).gremlin().has(name,EQUALS,Apache Shiro (embedded)).as(default)"
     1,    840,   840.00, "FreeMarkerIterationOperation.render(/reports/templates/source.ftl, pom_xml.5.html)"
     1,      0,     0.00, "Query.fromType(org.jboss.windup.reporting.model.TechnologyTagModel).gremlin().has(name,EQUALS,JMustache (embedded)).as(default)"
     1,      1,     1.00, "Query.fromType(org.jboss.windup.rules.apps.xml.model.XmlFileModel).gremlin().has(fileName,EQUALS,pom.xml).as(default)"
     1,      0,     0.00, "Query.fromType(org.jboss.windup.reporting.model.TechnologyTagModel).gremlin().has(name,EQUALS,RandomizedTesting Runner (embedded)).as(default)"
     1,      0,     0.00, "Query.fromType(org.jboss.windup.reporting.model.TechnologyTagModel).gremlin().has(name,EQUALS,Drools (embedded)).as(default)"
     1,      0,     0.00, "Query.fromType(org.jboss.windup.reporting.model.TechnologyTagModel).gremlin().has(name,EQUALS,Blitz4j (embedded)).as(default)"
     1,      0,     0.00, Query.fromType(org.jboss.windup.rules.apps.java.model.WindupJavaConfigurationModel).as(default)
     1,      0,     0.00, "Query.fromType(org.jboss.windup.reporting.model.TechnologyTagModel).gremlin().has(name,EQUALS,JAXB).as(default)"
     1,    852,   852.00, "FreeMarkerIterationOperation.render(/reports/templates/source.ftl, MANIFEST_MF.6.html)"
     1,     12,    12.00, Query.fromType(org.jboss.windup.rules.apps.javaee.model.RemoteServiceModel).as(default)
     3,      1,     0.33, GraphService.findAllByProperty(JNDI_LOCATION)
     1,      0,     0.00, "Query.fromType(org.jboss.windup.reporting.model.TechnologyTagModel).gremlin().has(name,EQUALS,Easy Rules (embedded)).as(default)"
     1,      1,     1.00, "Query.fromType(org.jboss.windup.rules.apps.xml.model.XmlFileModel).gremlin().has(rootTagName,EQUALS,datasources).as(default)"
     1,      0,     0.00, "Query.fromType(org.jboss.windup.reporting.model.TechnologyTagModel).gremlin().has(name,EQUALS,Polyforms DI (embedded)).as(default)"
     1,      0,     0.00, "Query.fromType(org.jboss.windup.reporting.model.TechnologyTagModel).gremlin().has(name,EQUALS,JFreeChart (embedded)).as(default)"
     1,    826,   826.00, "FreeMarkerIterationOperation.render(/reports/templates/source.ftl, MANIFEST_MF.html)"
     1,      7,     7.00, Query.fromType(org.jboss.windup.graph.model.resource.FileModel).as(default)
     1,      0,     0.00, "Query.fromType(org.jboss.windup.reporting.model.TechnologyTagModel).gremlin().has(name,EQUALS,BootsFaces (embedded)).as(default)"
     1,      1,     1.00, "Query.fromType(org.jboss.windup.rules.apps.xml.model.XmlFileModel).gremlin().has(fileName,EQUALS,ibm-ejb-jar-bnd.xmi).has(rootTagName,EQUALS,EJBJarBinding).as(default)"
     1,      0,     0.00, "Query.fromType(org.jboss.windup.reporting.model.TechnologyTagModel).gremlin().has(name,EQUALS,JCache (embedded)).as(default)"
     1,      0,     0.00, "Query.fromType(org.jboss.windup.reporting.model.TechnologyTagModel).gremlin().has(name,EQUALS,MapR (embedded)).as(default)"
     1,    719,   719.00, "FreeMarkerIterationOperation.render(/reports/templates/report_index.ftl, report_index_JEE_Example_App.html)"
   289,     14,     0.05, GraphService.findAllByProperty(name)
     1,      1,     1.00, "Query.fromType(org.jboss.windup.rules.apps.xml.model.XmlFileModel).gremlin().has(rootTagName,EQUALS,orion-ejb-jar).as(default)"
     1,      0,     0.00, "Query.fromType(org.jboss.windup.reporting.model.TechnologyTagModel).gremlin().has(name,EQUALS,ServiceMix (embedded)).as(default)"
     1,      0,     0.00, "Query.fromType(org.jboss.windup.reporting.model.TechnologyTagModel).gremlin().has(name,EQUALS,MEJB).as(default)"
     1,      0,     0.00, Query.fromType(org.jboss.windup.rules.apps.java.ip.HardcodedIPLocationModel).as(default)
    20,      0,     0.00, getEffortDescriptionForPoints
    33,      1,     0.03, fileModelToSourceReport
     1,      0,     0.00, "Query.fromType(org.jboss.windup.reporting.model.TechnologyTagModel).gremlin().has(name,EQUALS,KouInject (embedded)).as(default)"
     1,      2,     2.00, sortApplicationsList
     1,      0,     0.00, "Query.fromType(org.jboss.windup.reporting.model.TechnologyTagModel).gremlin().has(name,EQUALS,Cucumber (embedded)).as(default)"
     1,      0,     0.00, Query.fromType(org.jboss.windup.rules.apps.javaee.model.JPAPersistenceUnitModel).as(default)
     1,      0,     0.00, "Query.fromType(org.jboss.windup.reporting.model.TechnologyTagModel).gremlin().has(name,EQUALS,Restito (embedded)).as(default)"
     1,    834,   834.00, "FreeMarkerIterationOperation.render(/reports/templates/source.ftl, ItemLookupLocal_java.html)"
     1,      0,     0.00, "Query.fromType(org.jboss.windup.reporting.model.TechnologyTagModel).gremlin().has(name,EQUALS,WF Core JTA (embedded)).as(default)"
     1,      0,     0.00, "Query.fromType(org.jboss.windup.reporting.model.TechnologyTagModel).gremlin().has(name,EQUALS,OACC (embedded)).as(default)"
     1,      0,     0.00, "Query.fromType(org.jboss.windup.reporting.model.TechnologyTagModel).gremlin().has(name,EQUALS,OCPsoft Logging Utils (embedded)).as(default)"
     1,      0,     0.00, "Query.fromType(org.jboss.windup.reporting.model.TechnologyTagModel).gremlin().has(name,EQUALS,MySQL Driver).as(default)"
     1,      0,     0.00, "Query.fromType(org.jboss.windup.reporting.model.TechnologyTagModel).gremlin().has(name,EQUALS,Scaldi (embedded)).as(default)"
     1,      0,     0.00, "Query.fromType(org.jboss.windup.reporting.model.TechnologyTagModel).gremlin().has(name,EQUALS,Winter (embedded)).as(default)"
     1,      0,     0.00, "Query.fromType(org.jboss.windup.reporting.model.TechnologyTagModel).gremlin().has(name,EQUALS,Composite Logging JCL (embedded)).as(default)"
     1,      0,     0.00, "Query.fromType(org.jboss.windup.rules.apps.javaee.model.JmsDestinationModel).gremlin().has(destinationType,EQUALS,QUEUE).as(default)"
     1,      1,     1.00, "Query.fromType(org.jboss.windup.rules.apps.xml.model.XmlFileModel).gremlin().has(rootTagName,EQUALS,ejb-jar).has(fileName,EQUALS,jboss-ejb3.xml).as(default)"
     1,      0,     0.00, "Query.fromType(org.jboss.windup.reporting.model.TechnologyTagModel).gremlin().has(name,EQUALS,Mule Functional Test Framework (embedded)).as(default)"
     1,      0,     0.00, "Query.fromType(org.jboss.windup.reporting.model.TechnologyTagModel).gremlin().has(name,EQUALS,Test Interface (embedded)).as(default)"
     1,      0,     0.00, "Query.fromType(org.jboss.windup.reporting.model.TechnologyTagModel).gremlin().has(name,EQUALS,Spring (embedded)).as(default)"
     1,      0,     0.00, "Query.fromType(org.jboss.windup.reporting.model.TechnologyTagModel).gremlin().has(name,EQUALS,Micro DI (embedded)).as(default)"
     1,      1,     1.00, getNumberOfLibraries
     1,      0,     0.00, "Query.fromType(org.jboss.windup.reporting.model.TechnologyTagModel).gremlin().has(name,EQUALS,Sticky Configured (embedded)).as(default)"
     1,      0,     0.00, "Query.fromType(org.jboss.windup.reporting.model.TechnologyTagModel).gremlin().has(name,EQUALS,Spring Boot (embedded)).as(default)"
     1,      0,     0.00, "Query.fromType(org.jboss.windup.reporting.model.TechnologyTagModel).gremlin().has(name,EQUALS,JayWire (embedded)).as(default)"
     5,     12,     2.40, Query.fromType(org.jboss.windup.graph.model.ArchiveModel).as(default)
     1,      0,     0.00, "Query.fromType(org.jboss.windup.reporting.model.TechnologyTagModel).gremlin().has(name,EQUALS,Anakia (embedded)).as(default)"
     1,      0,     0.00, "Query.fromType(org.jboss.windup.reporting.model.TechnologyTagModel).gremlin().has(name,EQUALS,OpenSAML (embedded)).as(default)"
     1,      0,     0.00, "Query.fromType(org.jboss.windup.reporting.model.TechnologyTagModel).gremlin().has(name,EQUALS,Logging to Socket Handler).as(default)"
     1,      0,     0.00, "Query.fromType(org.jboss.windup.reporting.model.TechnologyTagModel).gremlin().has(name,EQUALS,OWASP ESAPI (embedded)).as(default)"
     1,      0,     0.00, "Query.fromType(org.jboss.windup.reporting.model.TechnologyTagModel).gremlin().has(name,EQUALS,XFire (embedded)).as(default)"
     1,      0,     0.00, "Query.fromType(org.jboss.windup.reporting.model.TechnologyTagModel).gremlin().has(name,EQUALS,Unitils (embedded)).as(default)"
     6,     36,     6.00, Classification.performParameterized
     1,      0,     0.00, "Query.fromType(org.jboss.windup.reporting.model.TechnologyTagModel).gremlin().has(name,EQUALS,Qpid Client (embedded)).as(default)"
     1,      0,     0.00, Query.fromType(org.jboss.windup.rules.apps.javaee.model.HibernateEntityModel).as(default)
     1,      0,     0.00, "Query.fromType(org.jboss.windup.reporting.model.TechnologyTagModel).gremlin().has(name,EQUALS,JACC).as(default)"
     1,      0,     0.00, "Query.fromType(org.jboss.windup.reporting.model.TechnologyTagModel).gremlin().has(name,EQUALS,tinylog (embedded)).as(default)"
     1,      0,     0.00, "Query.fromType(org.jboss.windup.reporting.model.TechnologyTagModel).gremlin().has(name,EQUALS,DVSL (embedded)).as(default)"
     1,    844,   844.00, "FreeMarkerIterationOperation.render(/reports/templates/source.ftl, pom_properties.2.html)"
     1,    849,   849.00, "FreeMarkerIterationOperation.render(/reports/templates/source.ftl, ItemLookupHome_java.html)"
     1,      0,     0.00, "Query.fromType(org.jboss.windup.reporting.model.TechnologyTagModel).gremlin().has(name,EQUALS,Injekt for Kotlin (embedded)).as(default)"
     5,     40,     8.00, GraphService.findAllByProperty(ejbBeanName)
     9,     14,     1.56, GraphService.findAllByProperty(stats.name)
     1,      3,     3.00, Query.fromType(org.jboss.windup.graph.model.WindupConfigurationModel).gremlin()org.jboss.windup.rules.apps.java.scan.provider.DiscoverFilesAndTypesRuleProvider$$Lambda$574/795151790@7d081b40.as(default)
     1,      0,     0.00, "Query.fromType(org.jboss.windup.reporting.model.TechnologyTagModel).gremlin().has(name,EQUALS,Avalon Logkit (embedded)).as(default)"
     1,    711,   711.00, "FreeMarkerIterationOperation.render(/reports/templates/server.ftl, server_resources_JEE_Example_App.html)"
     1,      0,     0.00, "Query.fromType(org.jboss.windup.reporting.model.TechnologyTagModel).gremlin().has(name,EQUALS,Logback (embedded)).as(default)"
     1,      0,     0.00, "Query.fromType(org.jboss.windup.reporting.model.TechnologyTagModel).gremlin().has(name,EQUALS,Dynacache (embedded)).as(default)"
     1,    518,   518.00, "FreeMarkerIterationOperation.render(/reports/templates/windupfreemarkerfunctions.ftl, windup_freemarkerfunctions.html)"
     1,      0,     0.00, "Query.fromType(org.jboss.windup.reporting.model.TechnologyTagModel).gremlin().has(name,EQUALS,Silk DI (embedded)).as(default)"
     1,      0,     0.00, "Query.fromType(org.jboss.windup.reporting.model.TechnologyTagModel).gremlin().has(name,EQUALS,Unirest (embedded)).as(default)"
     1,      1,     1.00, "Query.fromType(org.jboss.windup.rules.apps.xml.model.XmlFileModel).gremlin().has(rootTagName,EQUALS,weblogic-web-app).as(default)"
     1,      0,     0.00, "Query.fromType(org.jboss.windup.reporting.model.TechnologyTagModel).gremlin().has(name,EQUALS,Grapht DI (embedded)).as(default)"
     1,      1,     1.00, "Query.fromType(org.jboss.windup.rules.apps.xml.model.XmlFileModel).gremlin().has(rootTagName,EQUALS,web-app).has(fileName,NOT_EQUALS,geronimo-web.xml).as(default)"
     1,      0,     0.00, "Query.fromType(org.jboss.windup.reporting.model.TechnologyTagModel).gremlin().has(name,EQUALS,Camunda (embedded)).as(default)"
     1,      0,     0.00, "Query.fromType(org.jboss.windup.reporting.model.TechnologyTagModel).gremlin().has(name,EQUALS,Mixer (embedded)).as(default)"
     1,      0,     0.00, "Query.fromType(org.jboss.windup.reporting.model.TechnologyTagModel).gremlin().has(name,EQUALS,Teiid (embedded)).as(default)"
     1,      6,     6.00, "Query.fromType(org.jboss.windup.rules.apps.java.model.JarArchiveModel).gremlin().has(fileName,REGEX,.*myfaces-[(api)|(impl)|(bundle)].*\.jar$).as(default)"
     1,    808,   808.00, "FreeMarkerIterationOperation.render(/reports/templates/source.ftl, pom_xml.13.html)"
     1,      0,     0.00, "Query.fromType(org.jboss.windup.reporting.model.TechnologyTagModel).gremlin().has(name,EQUALS,Common Annotations).as(default)"
     1,    930,   930.00, "FreeMarkerIterationOperation.render(/reports/templates/techReport-boxes.ftl, techReport_JEE_Example_App.html)"
     5,     27,     5.40, DiscoverPropertiesFilesRuleProvider.perform
     1,      0,     0.00, "Query.fromType(org.jboss.windup.reporting.model.TechnologyTagModel).gremlin().has(name,EQUALS,EtlUnit (embedded)).as(default)"
     1,      0,     0.00, "Query.fromType(org.jboss.windup.reporting.model.TechnologyTagModel).gremlin().has(name,EQUALS,Vaadin (embedded)).as(default)"
     1,      0,     0.00, "Query.fromType(org.jboss.windup.reporting.model.TechnologyTagModel).gremlin().has(name,EQUALS,Java EE Batch).as(default)"
     1,      0,     0.00, "Query.fromType(org.jboss.windup.reporting.model.TechnologyTagModel).gremlin().has(name,EQUALS,Specsy (embedded)).as(default)"
     1,    833,   833.00, "FreeMarkerIterationOperation.render(/reports/templates/source.ftl, ItemLookupLocalHome_java.html)"
     1,      0,     0.00, "Query.fromType(org.jboss.windup.reporting.model.TechnologyTagModel).gremlin().has(name,EQUALS,Evo JTA (embedded)).as(default)"
     1,      0,     0.00, "Query.fromType(org.jboss.windup.reporting.model.TechnologyTagModel).gremlin().has(name,EQUALS,JSTL (embedded)).as(default)"
     1,      0,     0.00, "Query.fromType(org.jboss.windup.reporting.model.TechnologyTagModel).gremlin().has(name,EQUALS,Ka DI (embedded)).as(default)"
     1,   2104,  2104.00, org.jboss.windup.graph.GraphContextFactory.create(Path)
     1,      0,     0.00, "Query.fromType(org.jboss.windup.reporting.model.TechnologyTagModel).gremlin().has(name,EQUALS,JSF (embedded)).as(default)"
     6,      0,     0.00, getClassificationForFile
     1,      0,     0.00, "Query.fromType(org.jboss.windup.reporting.model.TechnologyTagModel).gremlin().has(name,EQUALS,OW2 JTA (embedded)).as(default)"
     1,      0,     0.00, "Query.fromType(org.jboss.windup.reporting.model.TechnologyTagModel).gremlin().has(name,EQUALS,Spring MVC (embedded)).as(default)"
     1,      0,     0.00, "Query.fromType(org.jboss.windup.reporting.model.TechnologyTagModel).gremlin().has(name,EQUALS,Portlet (embedded)).as(default)"
    23,     32,     1.39, GraphService.findAllByProperty(mavenIdentifier)
     1,      0,     0.00, "Query.fromType(org.jboss.windup.reporting.model.TechnologyTagModel).gremlin().has(name,EQUALS,Cfg Engine (embedded)).as(default)"
     1,      0,     0.00, "Query.fromType(org.jboss.windup.reporting.model.TechnologyTagModel).gremlin().has(name,EQUALS,Webmacro (embedded)).as(default)"
     1,      0,     0.00, "Query.fromType(org.jboss.windup.reporting.model.TechnologyTagModel).gremlin().has(name,EQUALS,Oracle ADF (embedded)).as(default)"
     1,      0,     0.00, "Query.fromType(org.jboss.windup.reporting.model.TechnologyTagModel).gremlin().has(name,EQUALS,Apache Log4J (embedded)).as(default)"
     1,      0,     0.00, "Query.fromType(org.jboss.windup.reporting.model.TechnologyTagModel).gremlin().has(name,EQUALS,OPS4J Pax Logging Service (embedded)).as(default)"
     1,      0,     0.00, Query.fromType(org.jboss.windup.rules.apps.javaee.model.HibernateConfigurationFileModel).as(default)
     1,      0,     0.00, "Query.fromType(org.jboss.windup.reporting.model.TechnologyTagModel).gremlin().has(name,EQUALS,AOP Alliance (embedded)).as(default)"
     1,    831,   831.00, "FreeMarkerIterationOperation.render(/reports/templates/source.ftl, MANIFEST_MF.8.html)"
     1,     17,    17.00, Query.fromType(org.jboss.windup.rules.apps.xml.model.DoctypeMetaModel).gremlin()org.jboss.windup.rules.apps.javaee.rules.DiscoverHibernateMappingRuleProvider$1@d9a9c76.as(default)
     1,      1,     1.00, Query.fromType(org.jboss.windup.reporting.model.ApplicationReportModel).as(default)
     1,      0,     0.00, "Query.fromType(org.jboss.windup.reporting.model.TechnologyTagModel).gremlin().has(name,EQUALS,PowerMock (embedded)).as(default)"
     1,      0,     0.00, "Query.fromType(org.jboss.windup.reporting.model.TechnologyTagModel).gremlin().has(name,EQUALS,JMockit (embedded)).as(default)"
    66,      0,     0.00, getMigrationEffortPointsForFile
     1,    325,   325.00, "FreeMarkerIterationOperation.render(/reports/templates/source.ftl, pom_properties.4.html)"
     1,      0,     0.00, "Query.fromType(org.jboss.windup.reporting.model.TechnologyTagModel).gremlin().has(name,EQUALS,Chunk Templates (embedded)).as(default)"
     1,      0,     0.00, "Query.fromType(org.jboss.windup.reporting.model.TechnologyTagModel).gremlin().has(name,EQUALS,MyFaces (embedded)).as(default)"
     1,      0,     0.00, "Query.fromType(org.jboss.windup.reporting.model.TechnologyTagModel).gremlin().has(name,EQUALS,Mule (embedded)).as(default)"
     1,      0,     0.00, "Query.fromType(org.jboss.windup.reporting.model.TechnologyTagModel).gremlin().has(name,EQUALS,Jetbrick Template (embedded)).as(default)"
     1,    812,   812.00, "FreeMarkerIterationOperation.render(/reports/templates/source.ftl, weblogic_xml.html)"
     1,      0,     0.00, "Query.fromType(org.jboss.windup.reporting.model.TechnologyTagModel).gremlin().has(name,EQUALS,Apache Axis2 (embedded)).as(default)"
     1,      0,     0.00, "Query.fromType(org.jboss.windup.reporting.model.TechnologyTagModel).gremlin().has(name,EQUALS,Log.io (embedded)).as(default)"
     3,     44,    14.67, Hint.performParameterized
     1,      0,     0.00, "Query.fromType(org.jboss.windup.reporting.model.TechnologyTagModel).gremlin().has(name,EQUALS,TestNG (embedded)).as(default)"
     1,    989,   989.00, "FreeMarkerIterationOperation.render(/reports/templates/techReport-punchCard.ftl, techReport_punch.html)"
     1,      0,     0.00, "Query.fromType(org.jboss.windup.reporting.model.TechnologyTagModel).gremlin().has(name,EQUALS,WS Metadata).as(default)"
     1,      0,     0.00, "Query.fromType(org.jboss.windup.reporting.model.TechnologyTagModel).gremlin().has(name,EQUALS,Weld (embedded)).as(default)"
     2,     12,     6.00, getEffortCountForProjectByIssueCategory
     1,      0,     0.00, "Query.fromType(org.jboss.windup.reporting.model.TechnologyTagModel).gremlin().has(name,EQUALS,SSL (embedded)).as(default)"
     3,      2,     0.67, TechnologyTag.performParameterized
     1,      0,     0.00, "Query.fromType(org.jboss.windup.reporting.model.TechnologyTagModel).gremlin().has(name,EQUALS,SQLite Driver).as(default)"
     1,      0,     0.00, Query.fromType(org.jboss.windup.rules.apps.javaee.model.EjbDeploymentDescriptorModel).as(default)
     1,      0,     0.00, "Query.fromType(org.jboss.windup.reporting.model.TechnologyTagModel).gremlin().has(name,EQUALS,3scale (embedded)).as(default)"
     1,      0,     0.00, "Query.fromType(org.jboss.windup.reporting.model.TechnologyTagModel).gremlin().has(name,EQUALS,Apache Aries (embedded)).as(default)"
     1,      0,     0.00, "Query.fromType(org.jboss.windup.reporting.model.TechnologyTagModel).gremlin().has(name,EQUALS,BeanInject (embedded)).as(default)"
     1,      0,     0.00, "Query.fromType(org.jboss.windup.reporting.model.TechnologyTagModel).gremlin().has(name,EQUALS,Apache Commons Validator (embedded)).as(default)"
     1,    844,   844.00, "FreeMarkerIterationOperation.render(/reports/templates/source.ftl, ProductCatalogLocal_java.html)"
     1,      0,     0.00, "Query.fromType(org.jboss.windup.reporting.model.TechnologyTagModel).gremlin().has(name,EQUALS,MckoiSQLDB Driver).as(default)"
     1,      0,     0.00, "Query.fromType(org.jboss.windup.reporting.model.TechnologyTagModel).gremlin().has(name,EQUALS,Peaberry (embedded)).as(default)"
     1,      0,     0.00, "Query.fromType(org.jboss.windup.reporting.model.TechnologyTagModel).gremlin().has(name,EQUALS,SNMP4J (embedded)).as(default)"
     1,      0,     0.00, "Query.fromType(org.jboss.windup.reporting.model.TechnologyTagModel).gremlin().has(name,EQUALS,Kotlin Logging (embedded)).as(default)"
     1,      0,     0.00, "Query.fromType(org.jboss.windup.reporting.model.TechnologyTagModel).gremlin().has(name,EQUALS,Akka Testkit (embedded)).as(default)"
     1,      0,     0.00, "Query.fromType(org.jboss.windup.reporting.model.TechnologyTagModel).gremlin().has(name,EQUALS,Syringe (embedded)).as(default)"
     1,      0,     0.00, "Query.fromType(org.jboss.windup.reporting.model.TechnologyTagModel).gremlin().has(name,EQUALS,GIN (embedded)).as(default)"
     1,      0,     0.00, "Query.fromType(org.jboss.windup.reporting.model.TechnologyTagModel).gremlin().has(name,EQUALS,SwarmCache (embedded)).as(default)"
     1,      0,     0.00, "Query.fromType(org.jboss.windup.reporting.model.TechnologyTagModel).gremlin().has(name,EQUALS,Ignite JTA (embedded)).as(default)"
     1,      0,     0.00, "Query.fromType(org.jboss.windup.reporting.model.TechnologyTagModel).gremlin().has(name,EQUALS,JBoss Transactions (embedded)).as(default)"
     1,      0,     0.00, "Query.fromType(org.jboss.windup.reporting.model.TechnologyTagModel).gremlin().has(name,EQUALS,Jetty (embedded)).as(default)"
     1,    799,   799.00, "FreeMarkerIterationOperation.render(/reports/templates/source.ftl, MANIFEST_MF.11.html)"
     1,      0,     0.00, "Query.fromType(org.jboss.windup.reporting.model.TechnologyTagModel).gremlin().has(name,EQUALS,JMock (embedded)).as(default)"
     1,      0,     0.00, Query.fromType(org.jboss.windup.rules.apps.javaee.model.JPANamedQueryModel).as(default)
   206,      2,     0.01, "FileService.createByFilePath(parentFile, filePath)"
     1,      0,     0.00, "Query.fromType(org.jboss.windup.reporting.model.TechnologyTagModel).gremlin().has(name,EQUALS,Oscache (embedded)).as(default)"
     1,      0,     0.00, "Query.fromType(org.jboss.windup.reporting.model.TechnologyTagModel).gremlin().has(name,EQUALS,JUnit (embedded)).as(default)"
     1,      0,     0.00, "Query.fromType(org.jboss.windup.reporting.model.TechnologyTagModel).gremlin().has(name,EQUALS,WSO2 (embedded)).as(default)"
     1,      0,     0.00, "Query.fromType(org.jboss.windup.reporting.model.TechnologyTagModel).gremlin().has(name,EQUALS,Iroh (embedded)).as(default)"
     1,      0,     0.00, "Query.fromType(org.jboss.windup.reporting.model.TechnologyTagModel).gremlin().has(name,EQUALS,Apache Karaf (embedded)).as(default)"
     1,      0,     0.00, "Query.fromType(org.jboss.windup.reporting.model.TechnologyTagModel).gremlin().has(name,EQUALS,LiferayFaces (embedded)).as(default)"
     1,    792,   792.00, "FreeMarkerIterationOperation.render(/reports/templates/source.ftl, ProductCatalogBean_java.html)"
     1,      0,     0.00, Query.fromType(org.jboss.windup.rules.apps.javaee.model.RMIServiceModel).as(default)
     1,      0,     0.00, "Query.fromType(org.jboss.windup.reporting.model.TechnologyTagModel).gremlin().has(name,EQUALS,Snippetory Template Engine (embedded)).as(default)"
     1,    839,   839.00, "FreeMarkerIterationOperation.render(/reports/templates/source.ftl, ItemLookup_java.html)"
     1,      0,     0.00, "Query.fromType(org.jboss.windup.reporting.model.TechnologyTagModel).gremlin().has(name,EQUALS,Apache Flume (embedded)).as(default)"
     1,      1,     1.00, "Query.fromType(org.jboss.windup.rules.apps.xml.model.XmlFileModel).gremlin().has(rootTagName,EQUALS,process-definition).as(default)"
     1,      1,     1.00, "Query.fromType(org.jboss.windup.rules.apps.xml.model.XmlFileModel).gremlin().has(fileName,EQUALS,ibm-webservices-bnd.xmi).has(rootTagName,EQUALS,WSBinding).as(default)"
     1,      0,     0.00, "Query.fromType(org.jboss.windup.rules.apps.xml.model.XmlFileModel).gremlin().has(rootTagName,EQUALS,ejb-jar).as(default)"
     1,      0,     0.00, "Query.fromType(org.jboss.windup.reporting.model.TechnologyTagModel).gremlin().has(name,EQUALS,Microsoft SQL Driver).as(default)"
     1,      0,     0.00, "Query.fromType(org.jboss.windup.reporting.model.TechnologyTagModel).gremlin().has(name,EQUALS,Vlad (embedded)).as(default)"
     6,      1,     0.17, GraphService.findAllByProperty(ClassificationModel-classification)
    25,      2,     0.08, iterableHasContent
     1,      0,     0.00, "Query.fromType(org.jboss.windup.reporting.model.TechnologyTagModel).gremlin().has(name,EQUALS,JBoss logging (embedded)).as(default)"
     1,      1,     1.00, "Query.fromType(org.jboss.windup.rules.apps.xml.model.XmlFileModel).gremlin().has(rootTagName,EQUALS,orion-web-app).as(default)"
     1,     11,    11.00, Query.fromType(org.jboss.windup.rules.apps.javaee.model.JNDIResourceModel).as(default)
     1,      0,     0.00, "Query.fromType(org.jboss.windup.reporting.model.TechnologyTagModel).gremlin().has(name,EQUALS,Apache Tapestry (embedded)).as(default)"
     6,      1,     0.17, projectModelToOrganizations
     1,      0,     0.00, "Query.fromType(org.jboss.windup.reporting.model.TechnologyTagModel).gremlin().has(name,EQUALS,Morphia).as(default)"
     1,      0,     0.00, "Query.fromType(org.jboss.windup.reporting.model.TechnologyTagModel).gremlin().has(name,EQUALS,Clustering EJB).as(default)"
     1,      0,     0.00, "Query.fromType(org.jboss.windup.reporting.model.TechnologyTagModel).gremlin().has(name,EQUALS,Infinispan (embedded)).as(default)"
   484,    328,     0.68, GraphService.findAllByPropertyMatchingRegex(filePath)
     1,    753,   753.00, "FreeMarkerIterationOperation.render(/reports/templates/dependency_report.ftl, dependency_report_JEE_Example_App.html)"
     1,      0,     0.00, "Query.fromType(org.jboss.windup.reporting.model.TechnologyTagModel).gremlin().has(name,EQUALS,ICEfaces (embedded)).as(default)"
     1,      0,     0.00, "Query.fromType(org.jboss.windup.reporting.model.TechnologyTagModel).gremlin().has(name,EQUALS,Trunk JGuard (embedded)).as(default)"
     1,      1,     1.00, "Query.fromType(org.jboss.windup.rules.apps.xml.model.XmlFileModel).gremlin().has(fileName,EQUALS,ibm-web-bnd.xmi).as(default)"
     1,      0,     0.00, "Query.fromType(org.jboss.windup.reporting.model.TechnologyTagModel).gremlin().has(name,EQUALS,Kibana (embedded)).as(default)"
     1,      0,     0.00, "Query.fromType(org.jboss.windup.reporting.model.TechnologyTagModel).gremlin().has(name,EQUALS,Trimou (embedded)).as(default)"
     1,      0,     0.00, "Query.fromType(org.jboss.windup.reporting.model.TechnologyTagModel).gremlin().has(name,EQUALS,Jcabi Log (embedded)).as(default)"
     1,      0,     0.00, "Query.fromType(org.jboss.windup.reporting.model.TechnologyTagModel).gremlin().has(name,EQUALS,Plexus Container (embedded)).as(default)"
     2,      1,     0.50, "Query.fromType(org.jboss.windup.reporting.model.TechnologyTagModel).gremlin().has(name,EQUALS,Liferay (embedded)).as(default)"
     1,      0,     0.00, "Query.fromType(org.jboss.windup.reporting.model.TechnologyTagModel).gremlin().has(name,EQUALS,EclipseLink (embedded)).as(default)"
     7,      3,     0.43, GraphService.findAllByProperty(sha1Hash)
     1,      1,     1.00, "Query.fromType(org.jboss.windup.rules.apps.xml.model.XmlFileModel).gremlin().has(rootTagName,EQUALS,jboss).has(fileName,EQUALS,jboss.xml).as(default)"
     1,      0,     0.00, "Query.fromType(org.jboss.windup.reporting.model.TechnologyTagModel).gremlin().has(name,EQUALS,PostgreSQL Driver).as(default)"
     1,      0,     0.00, "Query.fromType(org.jboss.windup.reporting.model.TechnologyTagModel).gremlin().has(name,EQUALS,Scalate (embedded)).as(default)"
     1,      0,     0.00, "Query.fromType(org.jboss.windup.reporting.model.TechnologyTagModel).gremlin().has(name,EQUALS,OAUTH (embedded)).as(default)"
     1,      0,     0.00, Query.fromType(org.jboss.windup.rules.apps.javaee.model.JsFileModel).as(default)
     1,    847,   847.00, "FreeMarkerIterationOperation.render(/reports/templates/source.ftl, pom_xml.7.html)"
     1,      0,     0.00, "Query.fromType(org.jboss.windup.reporting.model.TechnologyTagModel).gremlin().has(name,EQUALS,Amazon SQS Client (embedded)).as(default)"
     1,      0,     0.00, Query.fromType(org.jboss.windup.rules.apps.javaee.model.HtmlFileModel).as(default)
     1,      0,     0.00, "Query.fromType(org.jboss.windup.reporting.model.TechnologyTagModel).gremlin().has(name,EQUALS,Weka (embedded)).as(default)"
     1,      0,     0.00, "Query.fromType(org.jboss.windup.reporting.model.TechnologyTagModel).gremlin().has(name,EQUALS,OpenPojo (embedded)).as(default)"
     2,      0,     0.00, Query.fromType(org.jboss.windup.rules.apps.javaee.model.SpringBeanModel).as(default)
     1,      0,     0.00, "Query.fromType(org.jboss.windup.reporting.model.TechnologyTagModel).gremlin().has(name,EQUALS,Atomikos JTA (embedded)).as(default)"
     1,      0,     0.00, "Query.fromType(org.jboss.windup.reporting.model.TechnologyTagModel).gremlin().has(name,EQUALS,JPA Matchers (embedded)).as(default)"
     1,      0,     0.00, "Query.fromType(org.jboss.windup.reporting.model.TechnologyTagModel).gremlin().has(name,EQUALS,TieFaces (embedded)).as(default)"
     1,    726,   726.00, "FreeMarkerIterationOperation.render(/reports/templates/source.ftl, weblogic_application_xml.html)"
     5,     30,     6.00, Query.fromType(org.jboss.windup.graph.model.WindupConfigurationModel).as(default)
     1,      0,     0.00, "Query.fromType(org.jboss.windup.rules.apps.java.model.JarArchiveModel).gremlin().has(fileName,REGEX,.*camel.*\.jar$).as(default)"
     1,      0,     0.00, "Query.fromType(org.jboss.windup.reporting.model.TechnologyTagModel).gremlin().has(name,EQUALS,Apache Struts (embedded)).as(default)"
    13,      0,     0.00, getUniqueByName(qualifiedName)
     1,      0,     0.00, "Query.fromType(org.jboss.windup.reporting.model.TechnologyTagModel).gremlin().has(name,EQUALS,WSDL (embedded)).as(default)"
    89,     71,     0.80, getTechnologyTagsForFile
    93,     15,     0.16, isReportableFile
     1,      0,     0.00, "Query.fromType(org.jboss.windup.reporting.model.TechnologyTagModel).gremlin().has(name,EQUALS,Scribe (embedded)).as(default)"
   346,     12,     0.03, FilePathComparator
     2,      0,     0.00, Query.fromType(org.jboss.windup.rules.apps.javaee.model.EjbMessageDrivenModel).as(default)
     1,      0,     0.00, "Query.fromType(org.jboss.windup.reporting.model.TechnologyTagModel).gremlin().has(name,EQUALS,JSilver (embedded)).as(default)"
     1,      0,     0.00, "Query.fromType(org.jboss.windup.reporting.model.TechnologyTagModel).gremlin().has(name,EQUALS,Spring Messaging Client (embedded)).as(default)"
     1,      0,     0.00, "Query.fromType(org.jboss.windup.reporting.model.TechnologyTagModel).gremlin().has(name,EQUALS,Everit JTA (embedded)).as(default)"
     1,     27,    27.00, "Query.fromType(org.jboss.windup.rules.apps.java.model.JavaClassFileModel).gremlin().has(parseError,NOT_DEFINED,null).as(default)"
     1,      0,     0.00, "Query.fromType(org.jboss.windup.reporting.model.TechnologyTagModel).gremlin().has(name,EQUALS,ActiveMQ (embedded)).as(default)"
     1,      0,     0.00, "Query.fromType(org.jboss.windup.reporting.model.TechnologyTagModel).gremlin().has(name,EQUALS,Logging Utils (embedded)).as(default)"
     1,      0,     0.00, "Query.fromType(org.jboss.windup.reporting.model.TechnologyTagModel).gremlin().has(name,EQUALS,Ickenham (embedded)).as(default)"
     1,      0,     0.00, "Query.fromType(org.jboss.windup.reporting.model.TechnologyTagModel).gremlin().has(name,EQUALS,Jukito (embedded)).as(default)"
     1,    322,   322.00, "FreeMarkerIterationOperation.render(/reports/templates/source.ftl, pom_properties.12.html)"
     1,      0,     0.00, "Query.fromType(org.jboss.windup.reporting.model.TechnologyTagModel).gremlin().has(name,EQUALS,SAML (embedded)).as(default)"
     1,      0,     0.00, "Query.fromType(org.jboss.windup.reporting.model.TechnologyTagModel).gremlin().has(name,EQUALS,ButterFaces (embedded)).as(default)"
     1,      0,     0.00, "Query.fromType(org.jboss.windup.reporting.model.TechnologyTagModel).gremlin().has(name,EQUALS,Acegi Security (embedded)).as(default)"
     1,      0,     0.00, "Query.fromType(org.jboss.windup.reporting.model.TechnologyTagModel).gremlin().has(name,EQUALS,Memcached client (embedded)).as(default)"
     1,      0,     0.00, "Query.fromType(org.jboss.windup.reporting.model.TechnologyTagModel).gremlin().has(name,EQUALS,Resource Adapter (embedded)).as(default)"
   394,   1441,     3.66, JavaClass.evaluate
     1,      0,     0.00, "Query.fromType(org.jboss.windup.reporting.model.TechnologyTagModel).gremlin().has(name,EQUALS,TensorFlow (embedded)).as(default)"
     1,      0,     0.00, "Query.fromType(org.jboss.windup.reporting.model.TechnologyTagModel).gremlin().has(name,EQUALS,DbUnit (embedded)).as(default)"
     1,      1,     1.00, "Query.fromType(org.jboss.windup.rules.apps.xml.model.XmlFileModel).gremlin().has(rootTagName,EQUALS,weblogic-ejb-jar).as(default)"
     1,      1,     1.00, "Query.fromType(org.jboss.windup.rules.apps.java.model.JarArchiveModel).gremlin().has(fileName,REGEX,.*drools.*\.jar$).as(default)"
     1,      0,     0.00, Query.fromType(org.jboss.windup.rules.apps.javaee.model.JaxWSWebServiceModel).as(default)
     1,      0,     0.00, "Query.fromType(org.jboss.windup.reporting.model.TechnologyTagModel).gremlin().has(name,EQUALS,JBoss Cache (embedded)).as(default)"
     1,      0,     0.00, "Query.fromType(org.jboss.windup.reporting.model.TechnologyTagModel).gremlin().has(name,EQUALS,Nuxeo JTA/JCA (embedded)).as(default)"
     2,      0,     0.00, Query.fromType(org.jboss.windup.rules.apps.javaee.model.JmsConnectionFactoryModel).as(default)
     1,      0,     0.00, "Query.fromType(org.jboss.windup.reporting.model.TechnologyTagModel).gremlin().has(name,EQUALS,FreeMarker (embedded)).as(default)"
   192,    636,     3.31, XmlFile.evaluate
     1,      0,     0.00, "Query.fromType(org.jboss.windup.reporting.model.TechnologyTagModel).gremlin().has(name,EQUALS,Apache Accumulo Client).as(default)"
     1,      0,     0.00, "Query.fromType(org.jboss.windup.reporting.model.TechnologyTagModel).gremlin().has(name,EQUALS,JFunk (embedded)).as(default)"
    38,      0,     0.00, GraphService.addTypeToModel
     1,      0,     0.00, "Query.fromType(org.jboss.windup.reporting.model.TechnologyTagModel).gremlin().has(name,EQUALS,Apache Camel (embedded)).as(default)"
     1,      0,     0.00, "Query.fromType(org.jboss.windup.reporting.model.TechnologyTagModel).gremlin().has(name,EQUALS,Airlift Log Manager (embedded)).as(default)"
     1,      0,     0.00, "Query.fromType(org.jboss.windup.reporting.model.TechnologyTagModel).gremlin().has(name,EQUALS,HttpUnit (embedded)).as(default)"
     1,      0,     0.00, "Query.fromType(org.jboss.windup.reporting.model.TechnologyTagModel).gremlin().has(name,EQUALS,Concordion (embedded)).as(default)"
     1,    845,   845.00, "FreeMarkerIterationOperation.render(/reports/templates/source.ftl, MANIFEST_MF.1.html)"
     1,    800,   800.00, "FreeMarkerIterationOperation.render(/reports/templates/source.ftl, pom_xml.html)"
     1,      0,     0.00, "Query.fromType(org.jboss.windup.reporting.model.TechnologyTagModel).gremlin().has(name,EQUALS,Spring Batch (embedded)).as(default)"
     1,     56,    56.00, AnalyzeJavaFilesRuleProvider.analyzeFile
     1,      0,     0.00, "Query.fromType(org.jboss.windup.reporting.model.TechnologyTagModel).gremlin().has(name,EQUALS,HSQLDB Driver).as(default)"
     1,      0,     0.00, "Query.fromType(org.jboss.windup.reporting.model.TechnologyTagModel).gremlin().has(name,EQUALS,Hdiv (embedded)).as(default)"
     1,      0,     0.00, "Query.fromType(org.jboss.windup.reporting.model.TechnologyTagModel).gremlin().has(name,EQUALS,Water Template Engine (embedded)).as(default)"
     1,      0,     0.00, "Query.fromType(org.jboss.windup.reporting.model.TechnologyTagModel).gremlin().has(name,EQUALS,Thymeleaf (embedded)).as(default)"
     1,    706,   706.00, "FreeMarkerIterationOperation.render(/reports/templates/ejb.ftl, ejbreport_JEE_Example_App.html)"
     1,      0,     0.00, "Query.fromType(org.jboss.windup.reporting.model.TechnologyTagModel).gremlin().has(name,EQUALS,Airframe (embedded)).as(default)"
     1,    821,   821.00, "FreeMarkerIterationOperation.render(/reports/templates/source.ftl, pom_properties.html)"
     1,      0,     0.00, "Query.fromType(org.jboss.windup.reporting.model.TechnologyTagModel).gremlin().has(name,EQUALS,Ikasan (embedded)).as(default)"
     1,      0,     0.00, "Query.fromType(org.jboss.windup.reporting.model.TechnologyTagModel).gremlin().has(name,EQUALS,Cassandra Client).as(default)"
     1,      0,     0.00, "Query.fromType(org.jboss.windup.reporting.model.TechnologyTagModel).gremlin().has(name,EQUALS,Hazelcast (embedded)).as(default)"
     1,      0,     0.00, "Query.fromType(org.jboss.windup.reporting.model.TechnologyTagModel).gremlin().has(name,EQUALS,Bouncy Castle (embedded)).as(default)"
     1,      0,     0.00, "Query.fromType(org.jboss.windup.reporting.model.TechnologyTagModel).gremlin().has(name,EQUALS,OpenFaces (embedded)).as(default)"
     1,      1,     1.00, "Query.fromType(org.jboss.windup.rules.apps.xml.model.XmlFileModel).gremlin().has(rootTagName,EQUALS,beans).as(default)"
    66,      0,     0.00, getTagsFromFileClassificationsAndHints
     1,      0,     0.00, "Query.fromType(org.jboss.windup.reporting.model.TechnologyTagModel).gremlin().has(name,EQUALS,Macros (embedded)).as(default)"
     1,      0,     0.00, Query.fromType(org.jboss.windup.rules.apps.javaee.model.ThreadPoolModel).as(default)
     1,    909,   909.00, "FreeMarkerIterationOperation.render(/reports/templates/application_list.ftl, ../index.html)"
     1,      0,     0.00, "Query.fromType(org.jboss.windup.reporting.model.TechnologyTagModel).gremlin().has(name,EQUALS,Logging to file system).as(default)"
     1,      0,     0.00, "Query.fromType(org.jboss.windup.reporting.model.TechnologyTagModel).gremlin().has(name,EQUALS,Jasypt (embedded)).as(default)"
    33,      0,     0.00, projectModelToApplicationIndex
    20,     62,     3.10, sortProjectTraversalsByPathAscending
     1,     26,    26.00, "Query.fromType(org.jboss.windup.graph.model.resource.FileModel).gremlin().has(isDirectory,EQUALS,false).has(filePath,REGEX,.*\.properties$).as(default)"
     1,      0,     0.00, "Query.fromType(org.jboss.windup.reporting.model.TechnologyTagModel).gremlin().has(name,EQUALS,HighFaces (embedded)).as(default)"
     1,      1,     1.00, Query.fromType(org.jboss.windup.reporting.model.TechnologyUsageStatisticsModel).as(default)
     1,      1,     1.00, "Query.fromType(org.jboss.windup.rules.apps.xml.model.XmlFileModel).gremlin().has(rootTagName,EQUALS,jboss-web).as(default)"
     1,      0,     0.00, "Query.fromType(org.jboss.windup.reporting.model.TechnologyTagModel).gremlin().has(name,EQUALS,OW2 Log Util (embedded)).as(default)"
     1,      0,     0.00, "Query.fromType(org.jboss.windup.reporting.model.TechnologyTagModel).gremlin().has(name,EQUALS,HTTP Client (embedded)).as(default)"
    70,      0,     0.00, JavaClassService.resolveByQualifiedName(qualifiedClassName)
     1,      0,     0.00, "Query.fromType(org.jboss.windup.reporting.model.TechnologyTagModel).gremlin().has(name,EQUALS,Apiman (embedded)).as(default)"
     1,    830,   830.00, "FreeMarkerIterationOperation.render(/reports/templates/source.ftl, ItemLookupBean_java.html)"
     1,      0,     0.00, "Query.fromType(org.jboss.windup.reporting.model.TechnologyTagModel).gremlin().has(name,EQUALS,Talend ESB (embedded)).as(default)"
     1,      0,     0.00, "Query.fromType(org.jboss.windup.reporting.model.TechnologyTagModel).gremlin().has(name,EQUALS,Apache Mahout (embedded)).as(default)"
     1,   1243,  1243.00, "FreeMarkerIterationOperation.render(/reports/templates/java_application.ftl, ApplicationDetails_JEE_Example_App.html)"
     1,      0,     0.00, "Query.fromType(org.jboss.windup.reporting.model.TechnologyTagModel).gremlin().has(name,EQUALS,Cache API (embedded)).as(default)"
    62,      0,     0.00, iterableToList
     1,      0,     0.00, "Query.fromType(org.jboss.windup.reporting.model.TechnologyTagModel).gremlin().has(name,EQUALS,Twitter Util Logging (embedded)).as(default)"
     1,      0,     0.00, "Query.fromType(org.jboss.windup.reporting.model.TechnologyTagModel).gremlin().has(name,EQUALS,JCunit (embedded)).as(default)"
     1,      0,     0.00, "Query.fromType(org.jboss.windup.reporting.model.TechnologyTagModel).gremlin().has(name,EQUALS,Java EE JSON-P).as(default)"
     1,      1,     1.00, "Query.fromType(org.jboss.windup.rules.apps.xml.model.XmlFileModel).gremlin().has(fileName,EQUALS,ibm-webservices-ext.xmi).has(rootTagName,EQUALS,WsExtension).as(default)"
     1,      0,     0.00, "Query.fromType(org.jboss.windup.reporting.model.TechnologyTagModel).gremlin().has(name,EQUALS,AcrIS Security (embedded)).as(default)"
     1,      0,     0.00, "Query.fromType(org.jboss.windup.reporting.model.TechnologyTagModel).gremlin().has(name,EQUALS,SubCut (embedded)).as(default)"
     1,      0,     0.00, "Query.fromType(org.jboss.windup.reporting.model.TechnologyTagModel).gremlin().has(name,EQUALS,Mockito (embedded)).as(default)"
     1,      0,     0.00, "Query.fromType(org.jboss.windup.rules.apps.javaee.model.JmsDestinationModel).gremlin().has(destinationType,EQUALS,TOPIC).as(default)"
     1,      0,     0.00, "Query.fromType(org.jboss.windup.reporting.model.TechnologyTagModel).gremlin().has(name,EQUALS,Apache Synapse (embedded)).as(default)"
     1,      0,     0.00, Query.fromType(org.jboss.windup.rules.apps.javaee.model.JPAEntityModel).as(default)
     1,      0,     0.00, "Query.fromType(org.jboss.windup.reporting.model.TechnologyTagModel).gremlin().has(name,EQUALS,CDI (embedded)).as(default)"
     1,      0,     0.00, "Query.fromType(org.jboss.windup.reporting.model.TechnologyTagModel).gremlin().has(name,EQUALS,Apache Hadoop (embedded)).as(default)"
    10,     12,     1.20, getEffortDetailsForProjectTraversal
     1,      0,     0.00, "Query.fromType(org.jboss.windup.reporting.model.TechnologyTagModel).gremlin().has(name,EQUALS,Bean Validation).as(default)"
     1,      0,     0.00, "Query.fromType(org.jboss.windup.reporting.model.TechnologyTagModel).gremlin().has(name,EQUALS,Camel Messaging Client (embedded)).as(default)"
     1,      0,     0.00, "Query.fromType(org.jboss.windup.reporting.model.TechnologyTagModel).gremlin().has(name,EQUALS,Apache Commons Logging (embedded)).as(default)"
     1,      0,     0.00, Query.fromType(org.jboss.windup.rules.apps.javaee.model.Jbpm3ProcessModel).as(default)
     1,      0,     0.00, AnalyzeJavaFilesRuleProvider.parseFiles
     1,      0,     0.00, "Query.fromType(org.jboss.windup.reporting.model.TechnologyTagModel).gremlin().has(name,EQUALS,Javax Inject (embedded)).as(default)"
     1,      0,     0.00, "Query.fromType(org.jboss.windup.reporting.model.TechnologyTagModel).gremlin().has(name,EQUALS,MultithreadedTC (embedded)).as(default)"
     9,      0,     0.00, getProjectTraversal
     1,    842,   842.00, "FreeMarkerIterationOperation.render(/reports/templates/source.ftl, ProductCatalogHome_java.html)"
     1,      0,     0.00, "Query.fromType(org.jboss.windup.reporting.model.TechnologyTagModel).gremlin().has(name,EQUALS,GWT (embedded)).as(default)"
     1,      0,     0.00, "Query.fromType(org.jboss.windup.reporting.model.TechnologyTagModel).gremlin().has(name,EQUALS,Coherence (embedded)).as(default)"
     1,      0,     0.00, "Query.fromType(org.jboss.windup.reporting.model.TechnologyTagModel).gremlin().has(name,EQUALS,Oracle Forms (embedded)).as(default)"
     1,    827,   827.00, "FreeMarkerIterationOperation.render(/reports/templates/source.ftl, LogEventSubscriber_java.html)"
     1,      0,     0.00, "Query.fromType(org.jboss.windup.reporting.model.TechnologyTagModel).gremlin().has(name,EQUALS,Grails (embedded)).as(default)"
     1,    693,   693.00, "FreeMarkerIterationOperation.render(/reports/templates/about_windup.ftl, about_JEE_Example_App.html)"
     1,    737,   737.00, "FreeMarkerIterationOperation.render(/reports/templates/source.ftl, LogEventTopic_jms_xml.html)"
     1,      0,     0.00, "Query.fromType(org.jboss.windup.reporting.model.TechnologyTagModel).gremlin().has(name,EQUALS,NLOG4J (embedded)).as(default)"
     1,      0,     0.00, "Query.fromType(org.jboss.windup.reporting.model.TechnologyTagModel).gremlin().has(name,EQUALS,Stripes (embedded)).as(default)"
     1,      0,     0.00, "Query.fromType(org.jboss.windup.reporting.model.TechnologyTagModel).gremlin().has(name,EQUALS,Play Test (embedded)).as(default)"
     1,      0,     0.00, "Query.fromType(org.jboss.windup.reporting.model.TechnologyTagModel).gremlin().has(name,EQUALS,Hamcrest (embedded)).as(default)"
     1,      0,     0.00, "Query.fromType(org.jboss.windup.reporting.model.TechnologyTagModel).gremlin().has(name,EQUALS,Pega (embedded)).as(default)"
     1,      0,     0.00, "Query.fromType(org.jboss.windup.reporting.model.TechnologyTagModel).gremlin().has(name,EQUALS,Spring Test (embedded)).as(default)"
     1,      4,     4.00, "Query.fromType(org.jboss.windup.graph.model.resource.FileModel).gremlin().has(isDirectory,EQUALS,false).has(filePath,REGEX,.+\.\b(|zip|rar|sar|ear|war|jar)\b$).as(default)"
     1,      0,     0.00, "Query.fromType(org.jboss.windup.reporting.model.TechnologyTagModel).gremlin().has(name,EQUALS,AngularFaces (embedded)).as(default)"
     1,      0,     0.00, Query.fromType(org.jboss.windup.graph.model.resource.ReportResourceFileModel).as(default)
     1,      0,     0.00, isFileADirectory
     2,      0,     0.00, Query.fromType(org.jboss.windup.rules.apps.javaee.model.WebXmlModel).as(default)
     1,      0,     0.00, "Query.fromType(org.jboss.windup.reporting.model.TechnologyTagModel).gremlin().has(name,EQUALS,ANTLR StringTemplate (embedded)).as(default)"
   128,     15,     0.12, isTagUnderTag
     1,      0,     0.00, "Query.fromType(org.jboss.windup.reporting.model.TechnologyTagModel).gremlin().has(name,EQUALS,Twirl (embedded)).as(default)"
     1,      0,     0.00, "Query.fromType(org.jboss.windup.reporting.model.TechnologyTagModel).gremlin().has(name,EQUALS,Lift JTA (embedded)).as(default)"
     1,      0,     0.00, Query.fromType(org.jboss.windup.rules.apps.javaee.model.EjbEntityBeanModel).as(default)
     1,      0,     0.00, "Query.fromType(org.jboss.windup.reporting.model.TechnologyTagModel).gremlin().has(name,EQUALS,OTR4J (embedded)).as(default)"
     1,      0,     0.00, "Query.fromType(org.jboss.windup.reporting.model.TechnologyTagModel).gremlin().has(name,EQUALS,Log4s (embedded)).as(default)"
    18,      5,     0.28, "TypeReferenceService.getPackageUseFrequencies(data,projectModel,nameDepth,recursive)"
     1,      0,     0.00, "Query.fromType(org.jboss.windup.reporting.model.TechnologyTagModel).gremlin().has(name,EQUALS,BabbageFaces (embedded)).as(default)"
     1,      0,     0.00, "Query.fromType(org.jboss.windup.reporting.model.TechnologyTagModel).gremlin().has(name,EQUALS,JBPM (embedded)).as(default)"
     1,      0,     0.00, "Query.fromType(org.jboss.windup.reporting.model.TechnologyTagModel).gremlin().has(name,EQUALS,UberFire (embedded)).as(default)"
     8,     18,     2.25, sortFilesByPathAscending
     1,      0,     0.00, "Query.fromType(org.jboss.windup.reporting.model.TechnologyTagModel).gremlin().has(name,EQUALS,Needle (embedded)).as(default)"
     1,      0,     0.00, "Query.fromType(org.jboss.windup.reporting.model.TechnologyTagModel).gremlin().has(name,EQUALS,AKKA JTA (embedded)).as(default)"
     1,      0,     0.00, "Query.fromType(org.jboss.windup.reporting.model.TechnologyTagModel).gremlin().has(name,EQUALS,Blaze (embedded)).as(default)"
     1,     18,    18.00, "Query.fromType(org.jboss.windup.reporting.model.ReportModel).gremlin().has(templateType,EQUALS,FREEMARKER).as(default)"
   923,      0,     0.00, GraphService.create
     8,      0,     0.00, projectModelToSha1
     1,      0,     0.00, "Query.fromType(org.jboss.windup.reporting.model.TechnologyTagModel).gremlin().has(name,EQUALS,Apache Commons JCS (embedded)).as(default)"
